アクション名,ランドマーク名,クーポン名
歌舞伎町,歌舞伎町中心,
新宿,新宿駅,
渋谷,渋谷109,
銀座,銀座駅,
八重洲,東京駅,
築地,築地市場,
北区,北区中心,
江戸川区,江戸川区中心,
池袋,池袋駅,
東京タワー,東京タワー,
スカイツリー,スカイツリー,
浅草,浅草の金のオブジェのとこ,
赤坂,赤坂サカス,
池袋,池袋サンシャイン,
町田,町田市中心,
青山,青山一丁目駅,
銀座,銀座駅,
築地,築地市場,
舞浜駅,舞浜,
東京ドーム,東京ドーム,
両国国技館,国技館,
皇居周辺,皇居,
上野動物園,上野動物園,
新橋,新橋駅,
草加,草加駅,
上野,上野駅,
根津,根津駅,
本郷三丁目,文京区中心,
赤坂,赤坂駅,
羽田,羽田空港,
都庁,東京都庁,
歌舞伎座,歌舞伎座,
四谷,四ツ谷駅,
ＮＨＫホール,NHKホール,
大井競馬場,大井競馬場,
横浜,横浜駅,
恵比寿,恵比寿駅,
葛飾,葛飾柴又駅,
羽田空港,羽田空港,
お台場,レインボーブリッジ,
高尾山,高尾山,
宮ケ瀬ダム,宮ケ瀬ダム,
城山ダム,城山ダム,
相模湖,相模湖,
上野,上野動物園,
巣鴨,巣鴨駅,
鎌倉,鎌倉,
武道館,武道館,
吉祥寺,吉祥寺駅,
秋葉原,秋葉原駅,
川崎大師,川崎大師,
茗荷谷,茗荷谷駅,
国立競技場,国立競技場駅,
明治神宮,明治神宮,
秋葉原,秋葉原駅,
品川,品川駅,
都庁,都庁,
函館,函館市街,
札幌,札幌駅,
恐山,恐山,
秋田,秋田市中心,
米沢,山形市中心,
仙台,仙台市中心,
会津,猪苗代湖,
那須塩原,那須塩原,
水戸,茨城中心,
富岡製紙場,富岡製紙場,
宇都宮,宇都宮駅,
魚沼,魚沼市中心,
上越,上越国際スキー場,
松本城,長野県上田市中心,
富士山山梨,山梨市中心,
富士山静岡,富士山,
浜松,浜松市中心,
名古屋駅,名古屋市中心,
鈴鹿,鈴鹿サーキット,
伊勢神宮,伊勢神宮,
下呂温泉,下呂,
琵琶湖,琵琶湖,
金沢,金沢市中心,
東大寺,東大寺,
奈良公園,奈良公園,
清水寺,清水寺,
宇治,京都市中心,
道頓堀,大阪府中心部,
大阪城,大阪城,
USJ,USJ,
アドベンチャーワールド,アドベンチャーワールド,
神戸,神戸駅,
六甲山,六甲山,
姫路城,姫路城,
広島,広島駅,
出雲,出雲市中心,
鳥取砂丘,鳥取砂丘,
下関,下関中心,
鳴戸,鳴門海峡,
淡路島,淡路島中心,
香川,高松市役所,
愛媛,愛媛県中心,
博多,博多駅,
熊本城,熊本城,
宮崎,宮崎市中心,
鹿児島,鹿児島市中心,
長崎,長崎市中心,
出島,出島,
ディーラー誘導セリフ,ホンダカーズ東京中央,20191008HondaCars09_20191008HondaCars10_20191008HondaCars11_20191008HondaCars12
ディーラー誘導セリフ全国,ホンダカーズ全国,
本田,本田,20191008HondaCars09_20191008HondaCars10_20191008HondaCars11_20191008HondaCars12
松竹,松竹,20191008HondaCars09_20191008HondaCars10_20191008HondaCars11_20191008HondaCars12
